id;date;name;technical_specification;purpose
1;2023-06-21T21:39:08;transmit AI Agent;Savings Account Chips;Buckinghamshire Lock revolutionary
2;2023-06-22T04:52:25;Sausages Intelligent Soft Salad Gloves;Investment Account;Credit Card Account
3;2023-06-21T23:06:29;Awesome Global transmit;RSS Plastic;Unbranded Frozen Ball
4;2023-06-22T00:20:50;optimal;Administrator;Director implementation
5;2023-06-21T13:18:50;Tasty Fresh HTTP;global parse Consultant;Quality Mauritania
6;2023-06-21T22:43:16;Berkshire;Berkshire;Designer
7;2023-06-21T17:20:11;Handcrafted Metal Towels;program Home Loan Account;Ball redundant Borders
8;2023-06-21T07:41:12;intangible;Home;auxiliary Sleek Frozen Chicken
9;2023-06-21T12:35:12;Handcrafted Cotton Gloves;web services backing up;Loaf Ergonomic circuit
10;2023-06-21T09:23:47;Fantastic Mobility;Electronics New Mexico Jamaica;e-enable
