id;start_time;end_time;cal_note;cal_rating;cal_comment
1;2023-06-21T15:02:05;2023-06-21T12:55:42;Buckinghamshire Berkshire SDD;methodologies invoice Summit;relationships
2;2023-06-21T11:12:01;2023-06-21T20:32:53;Borders TCP Auto Loan Account;partnerships Solomon Islands;Indian Rupee Ngultrum Licensed Rubber Fish Granite
3;2023-06-21T12:54:45;2023-06-21T23:55:51;calculating Small;generating Home;CSS matrix
4;2023-06-21T11:53:28;2023-06-21T17:54:08;portal Massachusetts reboot;New Jersey Lilangeni;teal Frozen
5;2023-06-22T03:32:26;2023-06-21T22:12:52;foreground;invoice;haptic deliverables Unbranded Wooden Shirt
6;2023-06-21T21:14:06;2023-06-21T21:29:16;Regional online reciprocal;web-enabled;transmitting
7;2023-06-21T17:22:52;2023-06-21T09:21:39;Research encoding Re-contextualized;Customer Corporate parsing;Fantastic Metal Towels
8;2023-06-22T02:33:38;2023-06-21T07:43:05;Brazil Berkshire;e-tailers Director Auto Loan Account;Checking Account Directives
9;2023-06-22T05:51:17;2023-06-22T03:40:34;Buckinghamshire Accounts;innovate Bedfordshire AI;Alley withdrawal
10;2023-06-22T03:54:11;2023-06-21T07:48:04;Auto Loan Account;secured line Buckinghamshire;withdrawal Handmade
