id;date;name;description;purpose
1;2023-06-22T00:28:29;Checking Account;Syrian Arab Republic copying;back-end Future
2;2023-06-21T14:37:47;Handcrafted Rubber Shoes solid state Sports;Dominican Peso connect;systems
3;2023-06-21T19:10:08;input Money Market Account North Carolina;Egypt Engineer;Bacon Tuna Skyway
4;2023-06-21T22:36:34;Advanced;matrix Small Concrete Chair Jewelery;Iowa Fresh Practical
5;2023-06-22T02:07:13;Salad web-readiness;optimizing digital;Armenian Dram Bike
6;2023-06-21T20:07:12;HTTP Sleek;Computer reinvent;cross-media Gabon connecting
7;2023-06-21T23:39:07;Illinois;Somali Shilling;efficient Soap
8;2023-06-21T13:12:27;Azerbaijan maximized;Marketing;Kids
9;2023-06-21T18:49:22;Clothing Gorgeous Frozen Shirt Maine;didactic;Facilitator
10;2023-06-21T19:52:32;Frozen;visionary;capacitor process improvement
