id;first_name;family_name;phone;position
1;Fabiola;magenta e-business Crescent;(713) 532-5437;Australian Dollar
2;Buford;Bedfordshire;(585) 617-0288 x83518;Product Specialist Manager
3;Niko;web-enabled program Implementation;(463) 157-1617 x983;Haven lime plug-and-play
4;Myrl;Pennsylvania azure redundant;(374) 699-9199 x7825;Crest
5;Kendra;open-source PCI;(772) 632-2395;invoice partnerships TCP
6;Dillon;contextually-based;(669) 909-5044 x958;payment impactful
7;Noel;Baby Metal Lead;251-626-9826 x09015;Metal
8;Jacynthe;navigating wireless Oklahoma;950-757-8702;application override Granite
9;Estelle;Gloves Savings Account synergies;1-080-696-0022;Savings Account e-business circuit
10;Ozella;Program Auto Loan Account Wooden;1-783-660-5159;modular Licensed Small
